Module,loc,density,complexity
build-logic,739,13.943396226415095,2
build-support,242,2.951219512195122,21
jabgui,85574,13.275519702140862,11578
jabkit,1457,31.67391304347826,137
jablib,129741,7.408268143664706,19775
jabls,622,62.2,95
jabls-cli,51,17.0,3
jabsrv,1857,13.170212765957446,216
jabsrv-cli,99,8.25,5
test-support,364,4.6075949367088604,39
